<?xml version="1.0" encoding="UTF-8"?>
<beans xmlns="http://www.springframework.org/schema/beans" xmlns:xsi="http://www.w3.org/2001/XMLSchema-instance"
	xsi:schemaLocation="
http://www.springframework.org/schema/beans http://www.springframework.org/schema/beans/spring-beans-2.5.xsd">
	<bean id="bean1" name="Аналіз кредитоспроможності позичальника на основі загальних даних">
		<property name="Вік">
			<map>
				<entry key="більше 70 років" value="0" />
				<entry key="менше 20 років та від 50 до 70 років" value="0.9" />
				<entry key="від 20 до 30 років" value="1.8" />
				<entry key="від 30 до 50 років" value="3" />
			</map>
		</property>
	</bean>
	<bean id="bean2" name="Аналіз фінансових показників позичальника">
		<property name="Кредитна історія">
			<map>
				<entry
					key="Позичальник раніше користувався кредитом в сумі більше 50% від суми кредиту, що замовляється, і не допускав прострочення більше 7 днів"
					value="12" />
				<entry
					key="Позичальник раніше користувався кредитом в сумі менше 50% від суми кредиту, що замовляється, і не допускав прострочення більше 7 днів"
					value="9.6" />
				<entry key="Немає кредитної історії" value="6" />
				<entry key="Позичальник користувався кредитом й відомий факт прострочення терміном від 7 до 30 днів" value="0" />
				<entry key="Позичальник користувався кредитом й відомий факт прострочення терміном більше 30 днів" value="-12" />
			</map>
		</property>
	</bean>
	<bean id="bean3" name="Характеристика кредиту">
		<property name="Строк кредиту">
			<map>
				<entry key="до 6-ти місяців включно" value="4"/>
				<entry key="від 6 міс. до 1-го року включно" value="3.8"/>
				<entry key="1-3 роки" value="2.4"/>
				<entry key="3-7 років" value="1.6"/>
				<entry key="7-10 років" value="0.8"/>
				<entry key="понад 10 років" value="0"/>
			</map>
		</property>
	</bean>
</beans>
