<?xml version="1.0" encoding="UTF-8"?>
<beans xmlns="http://www.springframework.org/schema/beans" xmlns:xsi="http://www.w3.org/2001/XMLSchema-instance"
	xsi:schemaLocation="
http://www.springframework.org/schema/beans http://www.springframework.org/schema/beans/spring-beans-2.5.xsd">
	<bean id="bean1" name="Аналіз кредитоспроможності позичальника на основі загальних даних">
		<property name="Вік">
			<map>
				<entry key="більше 70 років" value="0" />
				<entry key="менше 20 років та від 50 до 70 років" value="0.9" />
				<entry key="від 20 до 30 років" value="1.8" />
				<entry key="від 30 до 50 років" value="3" />
			</map>
		</property>
		<property name="Час проживання в даній місцевості">
			<map>
				<entry key="до 1-го року" value="0" />
				<entry key="1-3 роки" value="0.4" />
				<entry key="3-10 років" value="1.9" />
				<entry key="понад 10 років" value="2" />
			</map>
		</property>
		<property name="Освіта">
			<map>
				<entry key="середня" value="0" />
				<entry key="середня спеціальна, середня технічна, незакінчена вища освіта" value="1.5" />
				<entry key="вища" value="3" />
			</map>
		</property>
		<property name="Місце роботи">
			<map>
				<entry key="Безробітний, студент" value="0" />
				<entry key="Пенсіонер" value="1.5" />
				<entry key="Працюючий / Особисте господарство" value="3" />
			</map>
		</property>
		<property name="Посада">
			<map>
				<entry key="Нема" value="0" />
				<entry key="Виконавець / Працівник власного присадибного господарства" value="1" />
				<entry key="Начальник структурного підрозділу, заступник керівника" value="3" />
				<entry key="Керівник, приватний підприємець, засновник фермерського господарства з часткою понад 50%" value="5" />
			</map>
		</property>
		<property name="Стаж роботи">
			<map>
				<entry key="Нема" value="0" />
				<entry key="до 1-го року" value="0.4" />
				<entry key="1-5 років" value="1.2" />
				<entry key="понад 5 років" value="5" />
			</map>
		</property>
		<property name="Сімейний стан">
			<map>
				<entry key="неодружений / поза шлюбом і нема дітей" value="1" />
				<entry key="неодружений / поза шлюбом і є діти" value="0" />
				<entry key="перебуває в шлюбі і нема дітей" value="1.6" />
				<entry key="перебуває в шлюбі і є діти" value="1" />
			</map>
		</property>
	</bean>
	<bean id="bean2" name="Аналіз фінансових показників позичальника">
		<property name="Джерело погашення кредиту">
			<map>
				<entry
					key="Відсотки за депозитами, відсотки за паями, заробітна плата й інші доходи, підтверджені документально"
					value="5" />
				<entry key="Стабільні додаткові доходи (доходи від дивідендів, оренди житла та ін.)" value="2.5" />
				<entry key="Нестабільні додаткові доходи (відсотки від продажу та ін.)" value="0" />
			</map>
		</property>
		<property name="Кредитна історія">
			<map>
				<entry
					key="Позичальник раніше користувався кредитом в сумі більше 50% від суми кредиту, що замовляється, і не допускав прострочення більше 7 днів"
					value="12" />
				<entry
					key="Позичальник раніше користувався кредитом в сумі менше 50% від суми кредиту, що замовляється, і не допускав прострочення більше 7 днів"
					value="9.6" />
				<entry key="Немає кредитної історії" value="6" />
				<entry key="Позичальник користувався кредитом й відомий факт прострочення терміном від 7 до 30 днів" value="0" />
				<entry key="Позичальник користувався кредитом й відомий факт прострочення терміном більше 30 днів" value="-12" />
			</map>
		</property>
		<property name="Відношення суми щомісячних виплат за кредитом до наявних готівкових коштів у позичальника">
			<map>
				<entry key="Більше 100%" value="-50"/>
				<entry key="90-100%" value="0"/>
				<entry key="75-100%" value="7.5"/>
				<entry key="50-75%" value="12.5"/>
				<entry key="25-50%" value="20"/>
				<entry key="10-25%" value="22.5"/>
				<entry key="до 10% включно" value="25"/>
			</map>
		</property>
		<property name="Оцінка питомої ваги суми кредиту в ринковій ціні майна">
			<map>
				<entry key="150-200%" value="-6.4"/>
				<entry key="125-150%" value="-4"/>
				<entry key="100-125%" value="-2.4"/>
				<entry key="90-100%" value="0"/>
				<entry key="75-90%" value="2.4"/>
				<entry key="50-75%" value="4"/>
				<entry key="25-50%" value="6.4"/>
				<entry key="10-25%" value="7.2"/>
				<entry key="до 10%" value="8"/>
			</map>
		</property>
	</bean>
	<bean id="bean3" name="Характеристика кредиту">
		<property name="Цільове використання">
			<map>
				<entry key="придбання житла" value="5"/>
				<entry key="придбання автомобіля" value="5"/>
				<entry key="придбання товарів широкого вжитку, відпочинок, освіта та ін." value="2.5"/>
				<entry key="розвиток власного присадибного господарства з щомісячним погашенням" value="2.5"/>
				<entry key="інші кредити з погашенням у кінці терміну користування кредитом" value="0"/>
			</map>
		</property>
		<property name="Строк кредиту">
			<map>
				<entry key="до 6-ти місяців включно" value="4"/>
				<entry key="від 6 міс. до 1-го року включно" value="3.8"/>
				<entry key="1-3 роки" value="2.4"/>
				<entry key="3-7 років" value="1.6"/>
				<entry key="7-10 років" value="0.8"/>
				<entry key="понад 10 років" value="0"/>
			</map>
		</property>
		<property name="Забезпечення">
			<map>
				<entry key="депозити в КС та пайові внески, майнові права зі страхуванням ризиків" value="7" />
				<entry key="житлова нерухомість" value="5.6" />
				<entry key="новий автомобіль" value="4.9" />
				<entry key="нежитлова нерухомість" value="4.2" />
				<entry key="вживаний автомобіль" value="3.5" />
				<entry key="інше майно" value="1.4" />
				<entry key="майнові права без страхування ризиків" value="0.7" />
			</map>
		</property>
		<property name="Співвідношення між заставною ціною забезпечення й сумою кредиту"> 
			<map>
				<entry key="від 2" value="8"/>
				<entry key="від 1,7 до 2" value="6.4"/>
				<entry key="від 1,4 до 1,7" value="4.8"/>
				<entry key="від 1,2 до 1,4" value="3.2"/>
				<entry key="від 1 до 1,2" value="1.6"/>
				<entry key="менше 1" value="0"/>
			</map>
		</property>
		<property name="Наявність поруки"> 
			<map>
				<entry key="Юридична особа, доходи якої дозволяють погашати кредит" value="6"/>
				<entry key="Фізична особа(и), особисті доходи якої(их) дозволяють погашати кредит" value="3"/>
				<entry key="Чоловік (дружина) або відсутня" value="0"/>
			</map>
		</property>
	</bean>
</beans>
